{
  "id": "4367934",
  "name": "电影院",
  "font_family": "iconfont",
  "css_prefix_text": "icon-",
  "description": "",
  "glyphs": [
    {
      "icon_id": "1269",
      "name": "加",
      "font_class": "jia",
      "unicode": "e600",
      "unicode_decimal": 58880
    },
    {
      "icon_id": "138036",
      "name": "hot",
      "font_class": "hot",
      "unicode": "e646",
      "unicode_decimal": 58950
    },
    {
      "icon_id": "201588",
      "name": "3.1列表",
      "font_class": "31liebiao",
      "unicode": "e601",
      "unicode_decimal": 58881
    },
    {
      "icon_id": "201638",
      "name": "编辑",
      "font_class": "bianji",
      "unicode": "e602",
      "unicode_decimal": 58882
    },
    {
      "icon_id": "201646",
      "name": "3.1 设置",
      "font_class": "31shezhi",
      "unicode": "e603",
      "unicode_decimal": 58883
    },
    {
      "icon_id": "582292",
      "name": "查看订单",
      "font_class": "065chakandingdan",
      "unicode": "e643",
      "unicode_decimal": 58947
    },
    {
      "icon_id": "666884",
      "name": "删除",
      "font_class": "shanchu",
      "unicode": "e68e",
      "unicode_decimal": 59022
    },
    {
      "icon_id": "673799",
      "name": "首页",
      "font_class": "shouye",
      "unicode": "e6cb",
      "unicode_decimal": 59083
    },
    {
      "icon_id": "688101",
      "name": "视频 播放 影片 2",
      "font_class": "shipinbofangyingpian2",
      "unicode": "e78e",
      "unicode_decimal": 59278
    },
    {
      "icon_id": "717907",
      "name": "企业秀",
      "font_class": "qiyexiu",
      "unicode": "e66f",
      "unicode_decimal": 58991
    },
    {
      "icon_id": "826097",
      "name": "登录",
      "font_class": "denglu",
      "unicode": "e604",
      "unicode_decimal": 58884
    },
    {
      "icon_id": "826948",
      "name": "登录",
      "font_class": "denglu-copy",
      "unicode": "e63a",
      "unicode_decimal": 58938
    },
    {
      "icon_id": "1167185",
      "name": "刷新",
      "font_class": "shuaxin",
      "unicode": "e647",
      "unicode_decimal": 58951
    },
    {
      "icon_id": "1304951",
      "name": "列表",
      "font_class": "liebiao",
      "unicode": "e62d",
      "unicode_decimal": 58925
    },
    {
      "icon_id": "1315584",
      "name": "电影院",
      "font_class": "dianyingyuan",
      "unicode": "e605",
      "unicode_decimal": 58885
    },
    {
      "icon_id": "1454750",
      "name": "用户管理",
      "font_class": "yonghuguanli",
      "unicode": "e66e",
      "unicode_decimal": 58990
    },
    {
      "icon_id": "1727425",
      "name": "206搜索",
      "font_class": "sousuo",
      "unicode": "e8ba",
      "unicode_decimal": 59578
    },
    {
      "icon_id": "1727500",
      "name": "253列表视图、菜单",
      "font_class": "liebiaoshitucaidan",
      "unicode": "e8dc",
      "unicode_decimal": 59612
    },
    {
      "icon_id": "2076426",
      "name": "搜索小",
      "font_class": "sousuoxiao",
      "unicode": "e8d6",
      "unicode_decimal": 59606
    },
    {
      "icon_id": "2569869",
      "name": "登录",
      "font_class": "denglu1",
      "unicode": "e67c",
      "unicode_decimal": 59004
    },
    {
      "icon_id": "5121503",
      "name": "权限",
      "font_class": "quanxian",
      "unicode": "e642",
      "unicode_decimal": 58946
    },
    {
      "icon_id": "5387543",
      "name": "删除",
      "font_class": "shanchu1",
      "unicode": "eafb",
      "unicode_decimal": 60155
    },
    {
      "icon_id": "5387553",
      "name": "搜索",
      "font_class": "sousuo1",
      "unicode": "eafe",
      "unicode_decimal": 60158
    },
    {
      "icon_id": "6129178",
      "name": "138设置、系统设置、功能设置、属性",
      "font_class": "shezhixitongshezhigongnengshezhishuxing",
      "unicode": "e795",
      "unicode_decimal": 59285
    },
    {
      "icon_id": "6244579",
      "name": "热点问题",
      "font_class": "redianwenti",
      "unicode": "e60d",
      "unicode_decimal": 58893
    },
    {
      "icon_id": "6337498",
      "name": "编辑",
      "font_class": "tianxie",
      "unicode": "ec88",
      "unicode_decimal": 60552
    },
    {
      "icon_id": "6603072",
      "name": "场景",
      "font_class": "changjing",
      "unicode": "e61b",
      "unicode_decimal": 58907
    },
    {
      "icon_id": "8802668",
      "name": "权限",
      "font_class": "quanxian1",
      "unicode": "e656",
      "unicode_decimal": 58966
    },
    {
      "icon_id": "9401507",
      "name": "热销",
      "font_class": "rexiao",
      "unicode": "e618",
      "unicode_decimal": 58904
    },
    {
      "icon_id": "9651412",
      "name": "热",
      "font_class": "re",
      "unicode": "e62a",
      "unicode_decimal": 58922
    },
    {
      "icon_id": "11372640",
      "name": "编辑",
      "font_class": "bianji1",
      "unicode": "e8ac",
      "unicode_decimal": 59564
    },
    {
      "icon_id": "11372774",
      "name": "首页",
      "font_class": "shouye1",
      "unicode": "e8c6",
      "unicode_decimal": 59590
    },
    {
      "icon_id": "11641887",
      "name": "用户管理",
      "font_class": "yonghuguanli1",
      "unicode": "e622",
      "unicode_decimal": 58914
    },
    {
      "icon_id": "11643404",
      "name": "18 剪辑",
      "font_class": "jianji",
      "unicode": "e666",
      "unicode_decimal": 58982
    },
    {
      "icon_id": "11808033",
      "name": "权限",
      "font_class": "quanxian2",
      "unicode": "e69c",
      "unicode_decimal": 59036
    },
    {
      "icon_id": "12515461",
      "name": "权限",
      "font_class": "quanxian3",
      "unicode": "e60c",
      "unicode_decimal": 58892
    },
    {
      "icon_id": "12751897",
      "name": "刷新",
      "font_class": "shuaxin1",
      "unicode": "e828",
      "unicode_decimal": 59432
    },
    {
      "icon_id": "16141174",
      "name": "hot",
      "font_class": "hot1",
      "unicode": "e703",
      "unicode_decimal": 59139
    },
    {
      "icon_id": "17795301",
      "name": "订单完成",
      "font_class": "complete-fill",
      "unicode": "e677",
      "unicode_decimal": 58999
    },
    {
      "icon_id": "18170229",
      "name": "电影,胶片,影片",
      "font_class": "film-full",
      "unicode": "e98f",
      "unicode_decimal": 59791
    },
    {
      "icon_id": "18170230",
      "name": "电影,胶片,影片",
      "font_class": "film",
      "unicode": "e990",
      "unicode_decimal": 59792
    },
    {
      "icon_id": "18667132",
      "name": "电影院",
      "font_class": "dianyingyuan1",
      "unicode": "e60e",
      "unicode_decimal": 58894
    },
    {
      "icon_id": "26911115",
      "name": "movie-fill",
      "font_class": "movie-fill",
      "unicode": "e616",
      "unicode_decimal": 58902
    },
    {
      "icon_id": "29494808",
      "name": "film-fill",
      "font_class": "film-fill",
      "unicode": "eada",
      "unicode_decimal": 60122
    },
    {
      "icon_id": "31173846",
      "name": "icon-e43a",
      "font_class": "icon-e43a",
      "unicode": "e81b",
      "unicode_decimal": 59419
    }
  ]
}
